# id,alpha
1,0.43011
2,0.29678
3,0.40958
4,0.41015
5,0.31671
6,1.54831
7,0.12188
8,1.54831
9,0.37000
10,0.66233
