# id,beta
1,1.91524
2,2.24179
3,2.60516
4,8.29623
5,1.99011
6,3.88385
7,3.61314
8,1.52500
9,2.34479
10,2.32049
