# id,z0,z1
1,0.00102,0.99898
2,0.00011,0.99989
3,0.00001,0.99999
4,0.00000,1.00000
5,0.00061,0.99939
6,0.00000,1.00000
7,0.00000,1.00000
8,0.01333,0.98667
9,0.00005,0.99995
10,0.00006,0.99994
